Timestamp,Device,Action
2026-02-08 20:07:12,SM-S916U1,PULL_SYNC
2026-02-08 20:10:39,SM-S916U1,PULL_SYNC
2026-02-08 20:21:19,SM-S916U1,PUSH_BACKUP
2026-02-08 20:21:34,SM-S916U1,PUSH_BACKUP
2026-02-08 20:22:21,SM-S916U1,PUSH_BACKUP
2026-02-08 20:24:18,SM-S916U1,PUSH_BACKUP
2026-02-08 20:24:40,SM-S916U1,PUSH_BACKUP
2026-02-08 20:25:26,SM-S916U1,PUSH_BACKUP
2026-02-08 20:31:49,SM-S916U1,PUSH_BACKUP
2026-06-12 21:02:16,SM-F766U,PUSH_BACKUP,2,main
2026-06-13 15:09:15,SM-F766U,PUSH_BACKUP,1,main
2026-06-30 20:28:38,SM-F766U,PUSH_FAILED,2,main
2026-06-30 20:28:47,SM-F766U,PUSH_FAILED,1,main
2026-06-30 20:29:06,SM-F766U,PUSH_FAILED,1,main
2026-06-30 20:32:29,SM-F766U,PUSH_BACKUP,1,main
2026-07-03 17:40:45,SM-F766U,PUSH_BACKUP,4,main
2026-07-12 19:17:09,SM-F766U,PUSH_FAILED,4,main
2026-07-12 19:18:17,SM-F766U,NO_CHANGES,0,main
2026-07-03 17:41:01,SM-S916U1,NO_CHANGES,0,main
2026-07-12 19:23:05,SM-F766U,NO_CHANGES,0,main
